{
  "dataset_summary": {
    "total_traces": 200,
    "attack_traces": 33,
    "normal_traces": 167
  },
  "entropy": {
    "attack_stats": {
      "mean": 2.0,
      "median": 2.0,
      "std": 0.0,
      "min": 2.0,
      "max": 2.0,
      "percentile_25": 2.0,
      "percentile_75": 2.0,
      "variance": 0.0,
      "skewness": NaN,
      "kurtosis": NaN
    },
    "normal_stats": {
      "mean": 2.0,
      "median": 2.0,
      "std": 0.0,
      "min": 2.0,
      "max": 2.0,
      "percentile_25": 2.0,
      "percentile_75": 2.0,
      "variance": 0.0,
      "skewness": NaN,
      "kurtosis": NaN
    },
    "comparison": {
      "t_statistic": NaN,
      "t_pvalue": NaN,
      "ks_statistic": 0.0,
      "ks_pvalue": 1.0,
      "effect_size_cohens_d": 0.0
    }
  },
  "attention": {
    "attack_stats": {
      "mean": 0.433730973716884,
      "median": 0.4266413271520319,
      "std": 0.05102337304140236,
      "min": 0.3498353073627714,
      "max": 0.5334515786437467,
      "percentile_25": 0.3925755351553266,
      "percentile_75": 0.47264261961069304,
      "variance": 0.002603384596522105,
      "skewness": 0.3004261720822399,
      "kurtosis": -0.9727609376218043
    },
    "normal_stats": {
      "mean": 0.444227882109419,
      "median": 0.44345430282549275,
      "std": 0.05827243969054387,
      "min": 0.22544236074787655,
      "max": 0.5909422042572403,
      "percentile_25": 0.4043006493330132,
      "percentile_75": 0.4815495874457466,
      "variance": 0.003395677227488072,
      "skewness": -0.22749186969993018,
      "kurtosis": 0.44291574444681414
    },
    "comparison": {
      "t_statistic": -0.9594912419743207,
      "t_pvalue": 0.3384815123836934,
      "ks_statistic": 0.1622210125204137,
      "ks_pvalue": 0.4114279343098745,
      "effect_size_cohens_d": -0.1836305665684461
    }
  },
  "roc_curves": {
    "entropy": {
      "fpr": [
        0.0,
        1.0
      ],
      "tpr": [
        0.0,
        1.0
      ],
      "auc": 0.5
    },
    "attention": {
      "fpr": [
        0.0,
        0.005988023952095809,
        0.041916167664670656,
        0.041916167664670656,
        0.09580838323353294,
        0.09580838323353294,
        0.10179640718562874,
        0.10179640718562874,
        0.15568862275449102,
        0.15568862275449102,
        0.17365269461077845,
        0.17365269461077845,
        0.17964071856287425,
        0.17964071856287425,
        0.2155688622754491,
        0.2155688622754491,
        0.25748502994011974,
        0.25748502994011974,
        0.2874251497005988,
        0.2874251497005988,
        0.3473053892215569,
        0.3473053892215569,
        0.3652694610778443,
        0.3652694610778443,
        0.38323353293413176,
        0.38323353293413176,
        0.5269461077844312,
        0.5269461077844312,
        0.5329341317365269,
        0.5329341317365269,
        0.5389221556886228,
        0.5389221556886228,
        0.5688622754491018,
        0.5688622754491018,
        0.5868263473053892,
        0.5868263473053892,
        0.688622754491018,
        0.688622754491018,
        0.7425149700598802,
        0.7425149700598802,
        0.7664670658682635,
        0.7664670658682635,
        0.7724550898203593,
        0.7724550898203593,
        0.8682634730538922,
        0.8682634730538922,
        0.8802395209580839,
        0.8802395209580839,
        0.9221556886227545,
        0.9221556886227545,
        0.9341317365269461,
        0.9341317365269461,
        1.0
      ],
      "tpr": [
        0.0,
        0.0,
        0.0,
        0.030303030303030304,
        0.030303030303030304,
        0.15151515151515152,
        0.15151515151515152,
        0.18181818181818182,
        0.18181818181818182,
        0.21212121212121213,
        0.21212121212121213,
        0.24242424242424243,
        0.24242424242424243,
        0.2727272727272727,
        0.2727272727272727,
        0.36363636363636365,
        0.36363636363636365,
        0.3939393939393939,
        0.3939393939393939,
        0.42424242424242425,
        0.42424242424242425,
        0.45454545454545453,
        0.45454545454545453,
        0.48484848484848486,
        0.48484848484848486,
        0.5454545454545454,
        0.5454545454545454,
        0.5757575757575758,
        0.5757575757575758,
        0.6060606060606061,
        0.6060606060606061,
        0.6363636363636364,
        0.6363636363636364,
        0.696969696969697,
        0.696969696969697,
        0.7272727272727273,
        0.7272727272727273,
        0.7575757575757576,
        0.7575757575757576,
        0.7878787878787878,
        0.7878787878787878,
        0.8181818181818182,
        0.8181818181818182,
        0.8787878787878788,
        0.8787878787878788,
        0.9090909090909091,
        0.9090909090909091,
        0.9393939393939394,
        0.9393939393939394,
        0.9696969696969697,
        0.9696969696969697,
        1.0,
        1.0
      ],
      "auc": 0.5643258936672111
    }
  },
  "optimal_thresholds": {
    "entropy": {
      "threshold": 2.0,
      "analysis": {
        "threshold": 2.0,
        "tpr": 1.0,
        "fpr": 1.0,
        "tnr": 0.0,
        "fnr": 0.0,
        "precision": 0.165,
        "recall": 1.0,
        "f1_score": 0.2832618025751073,
        "accuracy": 0.165
      }
    },
    "attention": {
      "threshold": 0.45884604942460977,
      "analysis": {
        "threshold": -0.45884604942460977,
        "tpr": 0.696969696969697,
        "fpr": 0.5808383233532934,
        "tnr": 0.41916167664670656,
        "fnr": 0.30303030303030304,
        "precision": 0.19166666666666668,
        "recall": 0.696969696969697,
        "f1_score": 0.30065359477124187,
        "accuracy": 0.465
      }
    }
  }
}