{
  "train_auc": 0.708,
  "val_auc": 0.4950980392156863,
  "test_auc": 0.6839826839826839,
  "optimal_threshold": 0.3738127390422506,
  "accuracy": 0.45,
  "precision": 0.2222222222222222,
  "recall": 0.8571428571428571,
  "f1_score": 0.35294117647058826,
  "feature_weights": {
    "entropy": 0.7078133677846774,
    "semantic_drift": 0.04436123373651054
  },
  "feature_importance": {
    "entropy": 0.7078133677846774,
    "semantic_drift": 0.04436123373651054
  },
  "cv_auc_mean": 0.7075,
  "cv_auc_std": 0.18867962264113206,
  "fpr": [
    0.0,
    0.030303030303030304,
    0.09090909090909091,
    0.09090909090909091,
    0.30303030303030304,
    0.30303030303030304,
    0.3333333333333333,
    0.3333333333333333,
    0.45454545454545453,
    0.45454545454545453,
    0.6363636363636364,
    0.6363636363636364,
    1.0
  ],
  "tpr": [
    0.0,
    0.0,
    0.0,
    0.2857142857142857,
    0.2857142857142857,
    0.5714285714285714,
    0.5714285714285714,
    0.7142857142857143,
    0.7142857142857143,
    0.8571428571428571,
    0.8571428571428571,
    1.0,
    1.0
  ],
  "confusion_matrix": [
    [
      12,
      21
    ],
    [
      1,
      6
    ]
  ],
  "individual_aucs": {
    "entropy": 0.6637633823262565,
    "semantic_drift": 0.396842678279804
  }
}