{
  "train_auc": 0.6585,
  "val_auc": 0.47058823529411764,
  "test_auc": 0.8051948051948052,
  "optimal_threshold": 0.3645149992676419,
  "accuracy": 0.325,
  "precision": 0.20588235294117646,
  "recall": 1.0,
  "f1_score": 0.34146341463414637,
  "feature_weights": {
    "entropy": 0.4314425705397929,
    "semantic_drift": 0.2990728824150438
  },
  "feature_importance": {
    "entropy": 0.4314425705397929,
    "semantic_drift": 0.2990728824150438
  },
  "cv_auc_mean": 0.6649999999999999,
  "cv_auc_std": 0.12103718436910205,
  "fpr": [
    0.0,
    0.030303030303030304,
    0.09090909090909091,
    0.09090909090909091,
    0.12121212121212122,
    0.12121212121212122,
    0.24242424242424243,
    0.24242424242424243,
    0.48484848484848486,
    0.48484848484848486,
    1.0
  ],
  "tpr": [
    0.0,
    0.0,
    0.0,
    0.42857142857142855,
    0.42857142857142855,
    0.5714285714285714,
    0.5714285714285714,
    0.8571428571428571,
    0.8571428571428571,
    1.0,
    1.0
  ],
  "confusion_matrix": [
    [
      6,
      27
    ],
    [
      0,
      7
    ]
  ],
  "individual_aucs": {
    "entropy": 0.6447105788423154,
    "semantic_drift": 0.3874070041734713
  }
}