{
  "waffling": {
    "best_params": {
      "theta_H": 2.0999999999999996,
      "T": 75,
      "w": 3
    },
    "best_f1_score": 0.2857142857142857,
    "best_metrics": {
      "TPR": 0.4,
      "FPR": 0.12727272727272726,
      "precision": 0.2222222222222222,
      "recall": 0.4,
      "f1_score": 0.2857142857142857,
      "accuracy": 0.8333333333333334
    }
  },
  "detachment": {
    "best_params": {
      "theta_A": 0.39999999999999997,
      "T": 75,
      "w": 3
    },
    "best_f1_score": 0.1639344262295082,
    "best_metrics": {
      "TPR": 1.0,
      "FPR": 0.9272727272727272,
      "precision": 0.08928571428571429,
      "recall": 1.0,
      "f1_score": 0.1639344262295082,
      "accuracy": 0.15
    }
  },
  "combined": {
    "best_params": {
      "theta_H": 2.0999999999999996,
      "theta_A": 0.44999999999999996,
      "T": 75,
      "w": 3
    },
    "best_f1_score": 0.2857142857142857,
    "best_metrics": {
      "TPR": 0.4,
      "FPR": 0.12727272727272726,
      "precision": 0.2222222222222222,
      "recall": 0.4,
      "f1_score": 0.2857142857142857,
      "accuracy": 0.8333333333333334
    }
  }
}