{
  "dataset_summary": {
    "total_traces": 200,
    "attack_traces": 33,
    "normal_traces": 167
  },
  "entropy": {
    "attack_stats": {
      "mean": 0.860998262456,
      "median": 0.8142814619149431,
      "std": 0.321161745490222,
      "min": 0.3968792505562305,
      "max": 1.5763517642217266,
      "percentile_25": 0.6486526619693813,
      "percentile_75": 0.9975308272608526,
      "variance": 0.10314486676632612,
      "skewness": 0.7135507621510582,
      "kurtosis": -0.09286052659057953
    },
    "normal_stats": {
      "mean": 0.6126921319754748,
      "median": 0.5792309742226818,
      "std": 0.2372324845377145,
      "min": 0.17333125860288698,
      "max": 1.8219953565368632,
      "percentile_25": 0.456990115473053,
      "percentile_75": 0.7368735193211523,
      "variance": 0.05627925171993695,
      "skewness": 1.3187924946258758,
      "kurtosis": 3.9076636742138096
    },
    "comparison": {
      "t_statistic": 5.1259490303611805,
      "t_pvalue": 7.016065979461841e-07,
      "ks_statistic": 0.39502812556704775,
      "ks_pvalue": 0.00021860294396199603,
      "effect_size_cohens_d": 0.9826415272761909
    }
  },
  "attention": {
    "attack_stats": {
      "mean": 0.412277193679691,
      "median": 0.40618896484375,
      "std": 0.024726842463809757,
      "min": 0.3898681640625,
      "max": 0.535546875,
      "percentile_25": 0.401494140625,
      "percentile_75": 0.4123046875,
      "variance": 0.0006114167382300653,
      "skewness": 3.874248535117327,
      "kurtosis": 16.115589208210633
    },
    "normal_stats": {
      "mean": 0.4094668841823676,
      "median": 0.404970703125,
      "std": 0.02093646370066674,
      "min": 0.379561767578125,
      "max": 0.5380045572916666,
      "percentile_25": 0.4000048828125,
      "percentile_75": 0.4122314453125,
      "variance": 0.000438335512289336,
      "skewness": 3.659551810840954,
      "kurtosis": 16.726743479101636
    },
    "comparison": {
      "t_statistic": 0.6793019313220339,
      "t_pvalue": 0.49773989810099983,
      "ks_statistic": 0.13754309562692796,
      "ks_pvalue": 0.6149653264604601,
      "effect_size_cohens_d": 0.1301420394253788
    }
  },
  "roc_curves": {
    "entropy": {
      "fpr": [
        0.0,
        0.005988023952095809,
        0.005988023952095809,
        0.023952095808383235,
        0.023952095808383235,
        0.041916167664670656,
        0.041916167664670656,
        0.04790419161676647,
        0.04790419161676647,
        0.05389221556886228,
        0.05389221556886228,
        0.059880239520958084,
        0.059880239520958084,
        0.0718562874251497,
        0.0718562874251497,
        0.08383233532934131,
        0.08383233532934131,
        0.08982035928143713,
        0.08982035928143713,
        0.15568862275449102,
        0.15568862275449102,
        0.19760479041916168,
        0.19760479041916168,
        0.20359281437125748,
        0.20359281437125748,
        0.23353293413173654,
        0.23353293413173654,
        0.281437125748503,
        0.281437125748503,
        0.32335329341317365,
        0.32335329341317365,
        0.3592814371257485,
        0.3592814371257485,
        0.3652694610778443,
        0.3652694610778443,
        0.39520958083832336,
        0.39520958083832336,
        0.4431137724550898,
        0.4431137724550898,
        0.6526946107784432,
        0.6526946107784432,
        0.6646706586826348,
        0.6646706586826348,
        0.7784431137724551,
        0.7784431137724551,
        0.7844311377245509,
        0.7844311377245509,
        0.8263473053892215,
        0.8263473053892215,
        0.8383233532934131,
        0.8383233532934131,
        1.0
      ],
      "tpr": [
        0.0,
        0.0,
        0.12121212121212122,
        0.12121212121212122,
        0.15151515151515152,
        0.15151515151515152,
        0.18181818181818182,
        0.18181818181818182,
        0.21212121212121213,
        0.21212121212121213,
        0.24242424242424243,
        0.24242424242424243,
        0.36363636363636365,
        0.36363636363636365,
        0.3939393939393939,
        0.3939393939393939,
        0.42424242424242425,
        0.42424242424242425,
        0.48484848484848486,
        0.48484848484848486,
        0.5151515151515151,
        0.5151515151515151,
        0.5454545454545454,
        0.5454545454545454,
        0.5757575757575758,
        0.5757575757575758,
        0.6060606060606061,
        0.6060606060606061,
        0.6363636363636364,
        0.6363636363636364,
        0.6666666666666666,
        0.6666666666666666,
        0.696969696969697,
        0.696969696969697,
        0.7575757575757576,
        0.7575757575757576,
        0.7878787878787878,
        0.7878787878787878,
        0.8181818181818182,
        0.8181818181818182,
        0.8484848484848485,
        0.8484848484848485,
        0.8787878787878788,
        0.8787878787878788,
        0.9090909090909091,
        0.9090909090909091,
        0.9393939393939394,
        0.9393939393939394,
        0.9696969696969697,
        0.9696969696969697,
        1.0,
        1.0
      ],
      "auc": 0.7383414988205408
    },
    "attention": {
      "fpr": [
        0.0,
        0.005988023952095809,
        0.04790419161676647,
        0.04790419161676647,
        0.09580838323353294,
        0.09580838323353294,
        0.1437125748502994,
        0.1437125748502994,
        0.19760479041916168,
        0.19760479041916168,
        0.23353293413173654,
        0.23353293413173654,
        0.24550898203592814,
        0.24550898203592814,
        0.30538922155688625,
        0.30538922155688625,
        0.32335329341317365,
        0.32335329341317365,
        0.3413173652694611,
        0.3413173652694611,
        0.38323353293413176,
        0.38323353293413176,
        0.4431137724550898,
        0.4431137724550898,
        0.5329341317365269,
        0.5329341317365269,
        0.5389221556886228,
        0.5389221556886228,
        0.6526946107784432,
        0.6526946107784432,
        0.6706586826347305,
        0.6706586826347305,
        0.6766467065868264,
        0.6766467065868264,
        0.688622754491018,
        0.688622754491018,
        0.7005988023952096,
        0.7005988023952096,
        0.7245508982035929,
        0.7245508982035929,
        0.7544910179640718,
        0.7544910179640718,
        0.8263473053892215,
        0.8263473053892215,
        0.8383233532934131,
        0.8383233532934131,
        0.874251497005988,
        0.874251497005988,
        0.9101796407185628,
        0.9101796407185628,
        0.9700598802395209,
        0.9700598802395209,
        0.9940119760479041,
        0.9940119760479041,
        1.0
      ],