{
  "train_auc": 0.8005,
  "val_auc": 0.6176470588235294,
  "test_auc": 0.6536796536796536,
  "optimal_threshold": 0.3282506587086208,
  "accuracy": 0.5,
  "precision": 0.25925925925925924,
  "recall": 1.0,
  "f1_score": 0.4117647058823529,
  "feature_weights": {
    "entropy": 1.1382121769046545,
    "attention": 0.6441199725907728,
    "perplexity": -0.8055857396311659,
    "attention_entropy": 0.2385437311284025
  },
  "feature_importance": {
    "entropy": 1.1382121769046545,
    "attention": 0.6441199725907728,
    "perplexity": 0.8055857396311659,
    "attention_entropy": 0.2385437311284025
  },
  "cv_auc_mean": 0.7625,
  "cv_auc_std": 0.0758287544405155,
  "fpr": [
    0.0,
    0.030303030303030304,
    0.18181818181818182,
    0.18181818181818182,
    0.2727272727272727,
    0.2727272727272727,
    0.45454545454545453,
    0.45454545454545453,
    0.48484848484848486,
    0.48484848484848486,
    1.0
  ],
  "tpr": [
    0.0,
    0.0,
    0.0,
    0.14285714285714285,
    0.14285714285714285,
    0.5714285714285714,
    0.5714285714285714,
    0.7142857142857143,
    0.7142857142857143,
    1.0,
    1.0
  ],
  "confusion_matrix": [
    [
      13,
      20
    ],
    [
      0,
      7
    ]
  ],
  "individual_aucs": {
    "entropy": 0.7013246234803121,
    "attention": 0.3781527853384141,
    "perplexity": 0.705861005262203,
    "attention_entropy": 0.6311014334966432
  }
}