{
  "dataset_summary": {
    "total_traces": 200,
    "attack_traces": 33,
    "normal_traces": 167
  },
  "entropy": {
    "attack_stats": {
      "mean": 0.77167165341889,
      "median": 0.7246397286747788,
      "std": 0.2747457211147554,
      "min": 0.3455962823767012,
      "max": 1.6746657630166737,
      "percentile_25": 0.6236498264790975,
      "percentile_75": 0.9072633477422096,
      "variance": 0.07548521127086698,
      "skewness": 1.0911539439578635,
      "kurtosis": 1.773318114598565
    },
    "normal_stats": {
      "mean": 0.6147883633220539,
      "median": 0.5650304885628248,
      "std": 0.27155883787045165,
      "min": 0.24661312745909073,
      "max": 2.1549874880565505,
      "percentile_25": 0.44117747182773204,
      "percentile_75": 0.6916805770376657,
      "variance": 0.07374420242555026,
      "skewness": 2.3286355764108277,
      "kurtosis": 8.542671747533685
    },
    "comparison": {
      "t_statistic": 3.011523873672903,
      "t_pvalue": 0.0029382516705130425,
      "ks_statistic": 0.39829432045000907,
      "ks_pvalue": 0.0001910624921502355,
      "effect_size_cohens_d": 0.5766148013406852
    }
  },
  "attention": {
    "attack_stats": {
      "mean": 0.41081344578681084,
      "median": 0.40988525390625,
      "std": 0.010058332105553245,
      "min": 0.389793701171875,
      "max": 0.4447021484375,
      "percentile_25": 0.4038916015625,
      "percentile_75": 0.41440185546875,
      "variance": 0.00010117004474560317,
      "skewness": 1.1562043894398564,
      "kurtosis": 2.6436135293877774
    },
    "normal_stats": {
      "mean": 0.40782269085819467,
      "median": 0.40460693359375,
      "std": 0.013209321939324364,
      "min": 0.38606201171875,
      "max": 0.4807332356770833,
      "percentile_25": 0.39927001953124996,
      "percentile_75": 0.41326538085937503,
      "variance": 0.00017448618609671598,
      "skewness": 1.938015885437682,
      "kurtosis": 6.415882654608426
    },
    "comparison": {
      "t_statistic": 1.2258019218712506,
      "t_pvalue": 0.2217291905898078,
      "ks_statistic": 0.31373616403556526,
      "ks_pvalue": 0.006552829132443183,
      "effect_size_cohens_d": 0.23451520142601465
    }
  },
  "perplexity": {
    "attack_stats": {
      "mean": 3.3615925311974464,
      "median": 3.108002442896365,
      "std": 1.4406966904419274,
      "min": 1.6667027083316588,
      "max": 8.349320136749148,
      "percentile_25": 2.5377539948136234,
      "percentile_75": 3.8849349768923593,
      "variance": 2.075606953850323,
      "skewness": 1.7124375714170335,
      "kurtosis": 3.3479389612926758
    },
    "normal_stats": {
      "mean": 2.9058904884069894,
      "median": 2.3001787752234604,
      "std": 3.42978043879123,
      "min": 1.4273584858946538,
      "max": 43.17698573606432,
      "percentile_25": 1.8626347660631408,
      "percentile_75": 2.7777333820354286,
      "variance": 11.763393858314963,
      "skewness": 9.87840164186355,
      "kurtosis": 111.20415753691026
    },
    "comparison": {
      "t_statistic": 0.7465296004011968,
      "t_pvalue": 0.456233041057146,
      "ks_statistic": 0.42152059517328977,
      "ks_pvalue": 6.361570285321414e-05,
      "effect_size_cohens_d": 0.14270199769780492
    }
  },
  "attention_entropy": {
    "attack_stats": {
      "mean": 2.073152012976732,
      "median": 2.0614041152099767,
      "std": 0.08156007317807792,
      "min": 1.932024780511856,
      "max": 2.3061022659142814,
      "percentile_25": 2.0154867291450502,
      "percentile_75": 2.12286066532135,
      "variance": 0.006652045536813426,
      "skewness": 0.6144195785598192,
      "kurtosis": 0.4719761878941977
    },
    "normal_stats": {
      "mean": 2.0341769532727074,
      "median": 2.025664654271356,
      "std": 0.08350288550264397,
      "min": 1.8493793173269792,
      "max": 2.2703427763546213,
      "percentile_25": 1.9740195298194885,
      "percentile_75": 2.0975565952062607,
      "variance": 0.0069727318872676676,
      "skewness": 0.38476935327347733,
      "kurtosis": -0.21863472693326758
    },
    "comparison": {
      "t_statistic": 2.4471311089510115,
      "t_pvalue": 0.01527183369221569,
      "ks_statistic": 0.2732716385410996,
      "ks_pvalue": 0.02566363180847067,
      "effect_size_cohens_d": 0.4684954561796989
    }
  },
  "roc_curves": {
    "entropy": {
      "fpr": [
        0.0,
        0.005988023952095809,
        0.011976047904191617,
        0.011976047904191617,
        0.023952095808383235,
        0.023952095808383235,
        0.04790419161676647,
        0.04790419161676647,
        0.059880239520958084,
        0.059880239520958084,
        0.0658682634730539,
        0.0658682634730539,
        0.08383233532934131,
        0.08383233532934131,
        0.10179640718562874,
        0.10179640718562874,
        0.1437125748502994,
        0.1437125748502994,
        0.16167664670658682,
        0.16167664670658682,
        0.16766467065868262,
        0.16766467065868262,
        0.17365269461077845,
        0.17365269461077845,
        0.18562874251497005,
        0.18562874251497005,
        0.19161676646706588,
        0.19161676646706588,
        0.2155688622754491,
        0.2155688622754491,
        0.2275449101796407,
        0.2275449101796407,
        0.23353293413173654,
        0.23353293413173654,
        0.2694610778443114,
        0.2694610778443114,
        0.30538922155688625,
        0.30538922155688625,
        0.32934131736526945,
        0.32934131736526945,
        0.3532934131736527,
        0.3532934131736527,
        0.3592814371257485,
        0.3592814371257485,
        0.47904191616766467,
        0.47904191616766467,
        0.5089820359281437,
        0.5089820359281437,
        0.6347305389221557,
        0.6347305389221557,
        0.6407185628742516,
        0.6407185628742516,
        0.7604790419161677,
        0.7604790419161677,
        0.8023952095808383,
        0.8023952095808383,
        0.8682634730538922,
        0.8682634730538922,
        0.9101796407185628,
        0.9101796407185628,
        1.0
      ],
      "tpr": [
        0.0,
        0.0,
        0.0,
        0.030303030303030304,
        0.030303030303030304,
        0.06060606060606061,
        0.06060606060606061,
        0.09090909090909091,
        0.09090909090909091,
        0.15151515151515152,
        0.15151515151515152,
        0.18181818181818182,
        0.18181818181818182,
        0.24242424242424243,
        0.24242424242424243,
        0.2727272727272727,
        0.2727272727272727,
        0.30303030303030304,
        0.30303030303030304,
        0.36363636363636365,
        0.36363636363636365,
        0.3939393939393939,
        0.3939393939393939,
        0.42424242424242425,
        0.42424242424242425,
        0.45454545454545453,
        0.45454545454545453,
        0.48484848484848486,
        0.48484848484848486,
        0.5151515151515151,
        0.5151515151515151,
        0.5454545454545454,
        0.5454545454545454,
        0.6060606060606061,
        0.6060606060606061,
        0.6363636363636364,
        0.6363636363636364,
        0.6666666666666666,
        0.6666666666666666,
        0.696969696969697,
        0.696969696969697,
        0.7272727272727273,
        0.7272727272727273,
        0.7575757575757576,
        0.7575757575757576,
        0.7878787878787878,
        0.7878787878787878,
        0.8181818181818182,
        0.8181818181818182,
        0.8484848484848485,
        0.8484848484848485,
        0.8787878787878788,
        0.8787878787878788,
        0.9090909090909091,
        0.9090909090909091,
        0.9393939393939394,
        0.9393939393939394,
        0.9696969696969697,
        0.9696969696969697,
        1.0,
        1.0
      ],
      "auc": 0.7013246234803121
    },