{
  "traces_analyzed": 200,
  "n_hallucination": 33,
  "n_normal": 167,
  "entropy": {
    "hallucination_stats": {
      "count": 33,
      "mean": 0.8319340541612779,
      "std": 0.299048948194282,
      "min": 0.3668451124462183,
      "max": 1.483505884019168,
      "median": 0.7798240615059467,
      "p25": 0.585468663305619,
      "p75": 0.9899765725333418
    },
    "normal_stats": {
      "count": 167,
      "mean": 0.6306894351886165,
      "std": 0.2785707649317322,
      "min": 0.2323071472605392,
      "max": 1.9729922154603992,
      "median": 0.5752865487524906,
      "p25": 0.4463547533202734,
      "p75": 0.7432075373770567
    },
    "cohens_d": 0.6963691226874992,
    "auc_approx": 0.717111232081292,
    "mean_difference": 0.20124461897266133
  },
  "attention": {
    "hallucination_stats": {
      "count": 33,
      "mean": 73.37649519415625,
      "std": 12.838466987824022,
      "min": 43.14227089216865,
      "max": 105.00981001258133,
      "median": 72.6043983527269,
      "p25": 66.17681955029926,
      "p75": 79.89573210991962
    },
    "normal_stats": {
      "count": 167,
      "mean": 70.05184575340137,
      "std": 13.466046870596468,
      "min": 37.468887676106604,
      "max": 133.34482226654478,
      "median": 68.25917463855959,
      "p25": 62.79720989064002,
      "p75": 75.6926736012602
    },
    "cohens_d": 0.25270975466611356,
    "auc_approx": 0.5993467610234078,
    "mean_difference": 3.3246494407548823
  }
}